{"mean":{"confidence_interval":{"confidence_level":0.95,"lower_bound":1.346756089653318,"upper_bound":1.3941707876660356},"point_estimate":1.367281703948138,"standard_error":0.01222672458121615},"median":{"confidence_interval":{"confidence_level":0.95,"lower_bound":1.335109831297094,"upper_bound":1.3407846049087073},"point_estimate":1.3375928244084334,"standard_error":0.0013306799558786549},"median_abs_dev":{"confidence_interval":{"confidence_level":0.95,"lower_bound":0.009585247353886783,"upper_bound":0.017410910339750108},"point_estimate":0.013489752819519403,"standard_error":0.0019598325817019395},"slope":{"confidence_interval":{"confidence_level":0.95,"lower_bound":1.3452256233704474,"upper_bound":1.38996950674185},"point_estimate":1.3640160232731364,"standard_error":0.011597976828516314},"std_dev":{"confidence_interval":{"confidence_level":0.95,"lower_bound":0.04125673504362677,"upper_bound":0.184386401247934},"point_estimate":0.12293860345797045,"standard_error":0.036964818015270115}}