{"mean":{"confidence_interval":{"confidence_level":0.95,"lower_bound":993.5497481724892,"upper_bound":1009.4574699364628},"point_estimate":1000.6910292794776,"standard_error":4.082101618316015},"median":{"confidence_interval":{"confidence_level":0.95,"lower_bound":988.9346770464006,"upper_bound":991.7088588942592},"point_estimate":990.1744206949368,"standard_error":0.6930528747321524},"median_abs_dev":{"confidence_interval":{"confidence_level":0.95,"lower_bound":4.797928962724437,"upper_bound":8.603055890931483},"point_estimate":6.648585044695801,"standard_error":0.9577497286444908},"slope":{"confidence_interval":{"confidence_level":0.95,"lower_bound":989.1100649264421,"upper_bound":991.7990172173271},"point_estimate":990.3471851372318,"standard_error":0.6871977830041602},"std_dev":{"confidence_interval":{"confidence_level":0.95,"lower_bound":19.903267781293483,"upper_bound":57.78046338211699},"point_estimate":41.02177365590224,"standard_error":9.687970718577013}}