{"mean":{"confidence_interval":{"confidence_level":0.95,"lower_bound":76.77543825822534,"upper_bound":77.30835513367592},"point_estimate":77.00119190642812,"standard_error":0.1380864126607109},"median":{"confidence_interval":{"confidence_level":0.95,"lower_bound":76.61835367700402,"upper_bound":76.75392148317451},"point_estimate":76.67436729129268,"standard_error":0.0326815307606397},"median_abs_dev":{"confidence_interval":{"confidence_level":0.95,"lower_bound":0.1959311327266806,"upper_bound":0.3465579157444954},"point_estimate":0.26618873940380483,"standard_error":0.03835252035823983},"slope":{"confidence_interval":{"confidence_level":0.95,"lower_bound":76.65380429108345,"upper_bound":76.78427660664929},"point_estimate":76.71039491745915,"standard_error":0.03345991267474688},"std_dev":{"confidence_interval":{"confidence_level":0.95,"lower_bound":0.498884442992502,"upper_bound":2.167142736205148},"point_estimate":1.3861784256620122,"standard_error":0.47432554199886}}