{"mean":{"confidence_interval":{"confidence_level":0.95,"lower_bound":4.967825858320286,"upper_bound":6.499796225844178},"point_estimate":5.6886291640007745,"standard_error":0.37980515918134966},"median":{"confidence_interval":{"confidence_level":0.95,"lower_bound":4.3293246662437905,"upper_bound":5.933219818796556},"point_estimate":5.526252777415041,"standard_error":0.4420268290384622}}